"target URL"|"images number"
http://bpa.com.ua/en/|25
"==================images sources=================="
https://www.facebook.com/tr?id=601170500008007&ev=PageView&noscript=1
https://bpa.com.ua/wp-content/themes/bpa/img/logo.svg
https://bpa.com.ua/wp-content/themes/bpa/img/close.png
https://bpa.com.ua/wp-content/themes/bpa/img/logo.svg
https://bpa.com.ua/wp-content/themes/bpa/img/cases-video-img.png
https://bpa.com.ua/wp-content/themes/bpa/img/cover-2.png
https://bpa.com.ua/wp-content/themes/bpa/img/cover-3.png
https://bpa.com.ua/wp-content/themes/bpa/img/cover-4.png
https://bpa.com.ua/wp-content/themes/bpa/img/cover-5.png
https://bpa.com.ua/wp-content/themes/bpa/img/about-img.png
https://bpa.com.ua/wp-content/themes/bpa/img/for-who-0.svg
https://bpa.com.ua/wp-content/themes/bpa/img/for-who-1.svg
https://bpa.com.ua/wp-content/themes/bpa/img/for-who-2.svg
https://bpa.com.ua/wp-content/themes/bpa/img/for-who-3.svg
https://bpa.com.ua/wp-content/themes/bpa/img/for-who-4.svg
https://bpa.com.ua/wp-content/themes/bpa/img/for-who-5.svg
https://bpa.com.ua/wp-content/themes/bpa/img/for-who-6.svg
https://bpa.com.ua/wp-content/themes/bpa/img/for-who-7.svg
"//cdn.mapkit.io/v1/icons/' + icon + '.svg"
"//cdn.mapkit.io/v1/icons/' + icon + '.svg"
"//cdn.mapkit.io/v1/icons/' + icon + '.svg"
"//cdn.mapkit.io/v1/icons/' + icon + '.svg"
//cdn.mapkit.io/v1/icons/keyboard_arrow_down.svg
"//cdn.mapkit.io/v1/icons/' + icon + '.svg"
https://bpa.com.ua/wp-content/themes/bpa/img/footer-logo.png
"target URL"|"images number"
http://bpa.com.ua/testimonials|5
"==================images sources=================="
https://www.facebook.com/tr?id=601170500008007&ev=PageView&noscript=1
http://bpa.com.ua/wp-content/themes/bpa/img/logo.svg
http://bpa.com.ua/wp-content/themes/bpa/img/close.png
http://bpa.com.ua/wp-content/themes/bpa/img/logo.svg
http://bpa.com.ua/wp-content/themes/bpa/img/footer-logo.png
"target URL"|"images number"
https://bpa.com.ua/en|25
"==================images sources=================="
https://www.facebook.com/tr?id=601170500008007&ev=PageView&noscript=1
https://bpa.com.ua/wp-content/themes/bpa/img/logo.svg
https://bpa.com.ua/wp-content/themes/bpa/img/close.png
https://bpa.com.ua/wp-content/themes/bpa/img/logo.svg
https://bpa.com.ua/wp-content/themes/bpa/img/cases-video-img.png
https://bpa.com.ua/wp-content/themes/bpa/img/cover-2.png
https://bpa.com.ua/wp-content/themes/bpa/img/cover-3.png
https://bpa.com.ua/wp-content/themes/bpa/img/cover-4.png
https://bpa.com.ua/wp-content/themes/bpa/img/cover-5.png
https://bpa.com.ua/wp-content/themes/bpa/img/about-img.png
https://bpa.com.ua/wp-content/themes/bpa/img/for-who-0.svg
https://bpa.com.ua/wp-content/themes/bpa/img/for-who-1.svg
https://bpa.com.ua/wp-content/themes/bpa/img/for-who-2.svg
https://bpa.com.ua/wp-content/themes/bpa/img/for-who-3.svg
https://bpa.com.ua/wp-content/themes/bpa/img/for-who-4.svg
https://bpa.com.ua/wp-content/themes/bpa/img/for-who-5.svg
https://bpa.com.ua/wp-content/themes/bpa/img/for-who-6.svg
https://bpa.com.ua/wp-content/themes/bpa/img/for-who-7.svg
"//cdn.mapkit.io/v1/icons/' + icon + '.svg"
"//cdn.mapkit.io/v1/icons/' + icon + '.svg"
"//cdn.mapkit.io/v1/icons/' + icon + '.svg"
"//cdn.mapkit.io/v1/icons/' + icon + '.svg"
//cdn.mapkit.io/v1/icons/keyboard_arrow_down.svg
"//cdn.mapkit.io/v1/icons/' + icon + '.svg"
https://bpa.com.ua/wp-content/themes/bpa/img/footer-logo.png
"target URL"|"images number"
http://bpa.com.ua/about|5
"==================images sources=================="
https://www.facebook.com/tr?id=601170500008007&ev=PageView&noscript=1
http://bpa.com.ua/wp-content/themes/bpa/img/logo.svg
http://bpa.com.ua/wp-content/themes/bpa/img/close.png
http://bpa.com.ua/wp-content/themes/bpa/img/logo.svg
http://bpa.com.ua/wp-content/themes/bpa/img/footer-logo.png
"target URL"|"images number"
http://bpa.com.ua/faq|5
"==================images sources=================="
https://www.facebook.com/tr?id=601170500008007&ev=PageView&noscript=1
http://bpa.com.ua/wp-content/themes/bpa/img/logo.svg
http://bpa.com.ua/wp-content/themes/bpa/img/close.png
http://bpa.com.ua/wp-content/themes/bpa/img/logo.svg
http://bpa.com.ua/wp-content/themes/bpa/img/footer-logo.png
"target URL"|"images number"
http://bpa.com.uatel:+380443373967|0
"==================images sources=================="

"target URL"|"images number"
http://bpa.com.ua/ru|25
"==================images sources=================="
https://www.facebook.com/tr?id=601170500008007&ev=PageView&noscript=1
https://bpa.com.ua/wp-content/themes/bpa/img/logo.svg
https://bpa.com.ua/wp-content/themes/bpa/img/close.png
https://bpa.com.ua/wp-content/themes/bpa/img/logo.svg
https://bpa.com.ua/wp-content/themes/bpa/img/cases-video-img.png
https://bpa.com.ua/wp-content/themes/bpa/img/cover-2.png
https://bpa.com.ua/wp-content/themes/bpa/img/cover-3.png
https://bpa.com.ua/wp-content/themes/bpa/img/cover-4.png
https://bpa.com.ua/wp-content/themes/bpa/img/cover-5.png
https://bpa.com.ua/wp-content/themes/bpa/img/about-img.png
https://bpa.com.ua/wp-content/themes/bpa/img/for-who-0.svg
https://bpa.com.ua/wp-content/themes/bpa/img/for-who-1.svg
https://bpa.com.ua/wp-content/themes/bpa/img/for-who-2.svg
https://bpa.com.ua/wp-content/themes/bpa/img/for-who-3.svg
https://bpa.com.ua/wp-content/themes/bpa/img/for-who-4.svg
https://bpa.com.ua/wp-content/themes/bpa/img/for-who-5.svg
https://bpa.com.ua/wp-content/themes/bpa/img/for-who-6.svg
https://bpa.com.ua/wp-content/themes/bpa/img/for-who-7.svg
"//cdn.mapkit.io/v1/icons/' + icon + '.svg"
"//cdn.mapkit.io/v1/icons/' + icon + '.svg"
"//cdn.mapkit.io/v1/icons/' + icon + '.svg"
"//cdn.mapkit.io/v1/icons/' + icon + '.svg"
//cdn.mapkit.io/v1/icons/keyboard_arrow_down.svg
"//cdn.mapkit.io/v1/icons/' + icon + '.svg"
https://bpa.com.ua/wp-content/themes/bpa/img/footer-logo.png
"target URL"|"images number"
http://bpa.com.ua/careers|5
"==================images sources=================="
https://www.facebook.com/tr?id=601170500008007&ev=PageView&noscript=1
http://bpa.com.ua/wp-content/themes/bpa/img/logo.svg
http://bpa.com.ua/wp-content/themes/bpa/img/close.png
http://bpa.com.ua/wp-content/themes/bpa/img/logo.svg
http://bpa.com.ua/wp-content/themes/bpa/img/footer-logo.png
"target URL"|"images number"
http://bpa.com.ua/accounting|30
"==================images sources=================="
https://www.facebook.com/tr?id=601170500008007&ev=PageView&noscript=1
http://bpa.com.ua/wp-content/themes/bpa/img/logo.svg
http://bpa.com.ua/wp-content/themes/bpa/img/close.png
http://bpa.com.ua/wp-content/themes/bpa/img/logo.svg
http://bpa.com.ua/wp-content/themes/bpa/img/accounting-services-title-bg.png
http://bpa.com.ua/wp-content/themes/bpa/img/accounting-services-title-bg-sm.png
http://bpa.com.ua/wp-content/themes/bpa/img/accent-bg-0.png
http://bpa.com.ua/wp-content/themes/bpa/img/for-problems-bg.png
http://bpa.com.ua/wp-content/themes/bpa/img/you-get-0.svg
http://bpa.com.ua/wp-content/themes/bpa/img/you-get-1.svg
http://bpa.com.ua/wp-content/themes/bpa/img/you-get-2.svg
http://bpa.com.ua/wp-content/themes/bpa/img/you-get-3.svg
http://bpa.com.ua/wp-content/themes/bpa/img/you-get-4.svg
http://bpa.com.ua/wp-content/themes/bpa/img/accent-bg-1.png
http://bpa.com.ua/wp-content/themes/bpa/img/accent-bg-2.png
http://bpa.com.ua/wp-content/themes/bpa/img/process-bg.png
http://bpa.com.ua/wp-content/themes/bpa/img/accent-bg-3.png
http://bpa.com.ua/wp-content/themes/bpa/img/cases-video-img.png
http://bpa.com.ua/wp-content/themes/bpa/img/cover-2.png
http://bpa.com.ua/wp-content/themes/bpa/img/cover-3.png
http://bpa.com.ua/wp-content/themes/bpa/img/cover-4.png
http://bpa.com.ua/wp-content/themes/bpa/img/cover-5.png
http://bpa.com.ua/wp-content/themes/bpa/img/about-img.png
"//cdn.mapkit.io/v1/icons/' + icon + '.svg"
"//cdn.mapkit.io/v1/icons/' + icon + '.svg"
"//cdn.mapkit.io/v1/icons/' + icon + '.svg"
"//cdn.mapkit.io/v1/icons/' + icon + '.svg"
//cdn.mapkit.io/v1/icons/keyboard_arrow_down.svg
"//cdn.mapkit.io/v1/icons/' + icon + '.svg"
http://bpa.com.ua/wp-content/themes/bpa/img/footer-logo.png
"target URL"|"images number"
http://bpa.com.ua/pea-accounting|30
"==================images sources=================="
https://www.facebook.com/tr?id=601170500008007&ev=PageView&noscript=1
http://bpa.com.ua/wp-content/themes/bpa/img/logo.svg
http://bpa.com.ua/wp-content/themes/bpa/img/close.png
http://bpa.com.ua/wp-content/themes/bpa/img/logo.svg
http://bpa.com.ua/wp-content/themes/bpa/img/pea-accounting-title-bg.png
http://bpa.com.ua/wp-content/themes/bpa/img/pea-accounting-title-bg-sm.png
http://bpa.com.ua/wp-content/themes/bpa/img/accent-bg-0.png
http://bpa.com.ua/wp-content/themes/bpa/img/for-problems-bg.png
http://bpa.com.ua/wp-content/themes/bpa/img/you-get-3.svg
http://bpa.com.ua/wp-content/themes/bpa/img/you-get-1.svg
http://bpa.com.ua/wp-content/themes/bpa/img/you-get-2.svg
http://bpa.com.ua/wp-content/themes/bpa/img/you-get-0.svg
http://bpa.com.ua/wp-content/themes/bpa/img/you-get-4.svg
http://bpa.com.ua/wp-content/themes/bpa/img/accent-bg-1.png
http://bpa.com.ua/wp-content/themes/bpa/img/accent-bg-2.png
http://bpa.com.ua/wp-content/themes/bpa/img/process-bg.png
http://bpa.com.ua/wp-content/themes/bpa/img/accent-bg-3.png
http://bpa.com.ua/wp-content/themes/bpa/img/cases-video-img.png
http://bpa.com.ua/wp-content/themes/bpa/img/cover-2.png
http://bpa.com.ua/wp-content/themes/bpa/img/cover-3.png
http://bpa.com.ua/wp-content/themes/bpa/img/cover-4.png
http://bpa.com.ua/wp-content/themes/bpa/img/cover-5.png
http://bpa.com.ua/wp-content/themes/bpa/img/about-img.png
"//cdn.mapkit.io/v1/icons/' + icon + '.svg"
"//cdn.mapkit.io/v1/icons/' + icon + '.svg"
"//cdn.mapkit.io/v1/icons/' + icon + '.svg"
"//cdn.mapkit.io/v1/icons/' + icon + '.svg"
//cdn.mapkit.io/v1/icons/keyboard_arrow_down.svg
"//cdn.mapkit.io/v1/icons/' + icon + '.svg"
http://bpa.com.ua/wp-content/themes/bpa/img/footer-logo.png
"target URL"|"images number"
http://bpa.com.ua/legal-services|26
"==================images sources=================="
https://www.facebook.com/tr?id=601170500008007&ev=PageView&noscript=1
http://bpa.com.ua/wp-content/themes/bpa/img/logo.svg
http://bpa.com.ua/wp-content/themes/bpa/img/close.png
http://bpa.com.ua/wp-content/themes/bpa/img/logo.svg
http://bpa.com.ua/wp-content/themes/bpa/img/legal-services-title-bg.png
http://bpa.com.ua/wp-content/themes/bpa/img/legal-services-title-bg-sm.png
http://bpa.com.ua/wp-content/themes/bpa/img/for-problems-bg.png
http://bpa.com.ua/wp-content/themes/bpa/img/you-get-3.svg
http://bpa.com.ua/wp-content/themes/bpa/img/you-get-1.svg
http://bpa.com.ua/wp-content/themes/bpa/img/you-get-2.svg
http://bpa.com.ua/wp-content/themes/bpa/img/you-get-0.svg
http://bpa.com.ua/wp-content/themes/bpa/img/you-get-4.svg
http://bpa.com.ua/wp-content/themes/bpa/img/accent-bg-1.png
http://bpa.com.ua/wp-content/themes/bpa/img/accent-bg-3.png
http://bpa.com.ua/wp-content/themes/bpa/img/cases-img.png
http://bpa.com.ua/wp-content/themes/bpa/img/cases-img.png
http://bpa.com.ua/wp-content/themes/bpa/img/cases-img.png
http://bpa.com.ua/wp-content/themes/bpa/img/cases-img.png
http://bpa.com.ua/wp-content/themes/bpa/img/about-img.png
"//cdn.mapkit.io/v1/icons/' + icon + '.svg"
"//cdn.mapkit.io/v1/icons/' + icon + '.svg"
"//cdn.mapkit.io/v1/icons/' + icon + '.svg"
"//cdn.mapkit.io/v1/icons/' + icon + '.svg"
//cdn.mapkit.io/v1/icons/keyboard_arrow_down.svg
"//cdn.mapkit.io/v1/icons/' + icon + '.svg"
http://bpa.com.ua/wp-content/themes/bpa/img/footer-logo.png
"target URL"|"images number"
http://bpa.com.ua/testimonials/virtuoz/|6
"==================images sources=================="
https://www.facebook.com/tr?id=601170500008007&ev=PageView&noscript=1
http://bpa.com.ua/wp-content/themes/bpa/img/logo.svg
http://bpa.com.ua/wp-content/themes/bpa/img/close.png
http://bpa.com.ua/wp-content/themes/bpa/img/logo.svg
http://bpa.com.ua/wp-content/themes/bpa/image/virtuoz-content.jpg
http://bpa.com.ua/wp-content/themes/bpa/img/footer-logo.png
"target URL"|"images number"
http://bpa.com.ua/testimonials/marvel/|5
"==================images sources=================="
http://bpa.com.ua/wp-content/themes/bpa/img/logo.svg
http://bpa.com.ua/wp-content/themes/bpa/img/close.png
http://bpa.com.ua/wp-content/themes/bpa/img/logo.png
http://bpa.com.ua/wp-content/themes/bpa/image/marvel-content.jpg
http://bpa.com.ua/wp-content/themes/bpa/img/footer-logo.png
"target URL"|"images number"
http://bpa.com.ua/testimonials/zabota/|5
"==================images sources=================="
http://bpa.com.ua/wp-content/themes/bpa/img/logo.svg
http://bpa.com.ua/wp-content/themes/bpa/img/close.png
http://bpa.com.ua/wp-content/themes/bpa/img/logo.png
http://bpa.com.ua/wp-content/themes/bpa/image/zabota-content.jpg
http://bpa.com.ua/wp-content/themes/bpa/img/footer-logo.png
"target URL"|"images number"
http://bpa.com.ua/testimonials/inter/|5
"==================images sources=================="
http://bpa.com.ua/wp-content/themes/bpa/img/logo.svg
http://bpa.com.ua/wp-content/themes/bpa/img/close.png
http://bpa.com.ua/wp-content/themes/bpa/img/logo.png
http://bpa.com.ua/wp-content/themes/bpa/image/inter-content.jpg
http://bpa.com.ua/wp-content/themes/bpa/img/footer-logo.png
"target URL"|"images number"
http://bpa.com.ua/testimonials/ol-b/|6
"==================images sources=================="
https://www.facebook.com/tr?id=601170500008007&ev=PageView&noscript=1
http://bpa.com.ua/wp-content/themes/bpa/img/logo.svg
http://bpa.com.ua/wp-content/themes/bpa/img/close.png
http://bpa.com.ua/wp-content/themes/bpa/img/logo.png
http://bpa.com.ua/wp-content/themes/bpa/image/olb-content.jpg
http://bpa.com.ua/wp-content/themes/bpa/img/footer-logo.png
"target URL"|"images number"
"http://bpa.com.uamailto:' + location.email + '"|0
"==================images sources=================="

"target URL"|"images number"
"http://bpa.com.ua' + location.web + '"|0
"==================images sources=================="

"target URL"|"images number"
http://bpa.com.ua/en|25
"==================images sources=================="
https://www.facebook.com/tr?id=601170500008007&ev=PageView&noscript=1
https://bpa.com.ua/wp-content/themes/bpa/img/logo.svg
https://bpa.com.ua/wp-content/themes/bpa/img/close.png
https://bpa.com.ua/wp-content/themes/bpa/img/logo.svg
https://bpa.com.ua/wp-content/themes/bpa/img/cases-video-img.png
https://bpa.com.ua/wp-content/themes/bpa/img/cover-2.png
https://bpa.com.ua/wp-content/themes/bpa/img/cover-3.png
https://bpa.com.ua/wp-content/themes/bpa/img/cover-4.png
https://bpa.com.ua/wp-content/themes/bpa/img/cover-5.png
https://bpa.com.ua/wp-content/themes/bpa/img/about-img.png
https://bpa.com.ua/wp-content/themes/bpa/img/for-who-0.svg
https://bpa.com.ua/wp-content/themes/bpa/img/for-who-1.svg
https://bpa.com.ua/wp-content/themes/bpa/img/for-who-2.svg
https://bpa.com.ua/wp-content/themes/bpa/img/for-who-3.svg
https://bpa.com.ua/wp-content/themes/bpa/img/for-who-4.svg
https://bpa.com.ua/wp-content/themes/bpa/img/for-who-5.svg
https://bpa.com.ua/wp-content/themes/bpa/img/for-who-6.svg
https://bpa.com.ua/wp-content/themes/bpa/img/for-who-7.svg
"//cdn.mapkit.io/v1/icons/' + icon + '.svg"
"//cdn.mapkit.io/v1/icons/' + icon + '.svg"
"//cdn.mapkit.io/v1/icons/' + icon + '.svg"
"//cdn.mapkit.io/v1/icons/' + icon + '.svg"
//cdn.mapkit.io/v1/icons/keyboard_arrow_down.svg
"//cdn.mapkit.io/v1/icons/' + icon + '.svg"
https://bpa.com.ua/wp-content/themes/bpa/img/footer-logo.png
"target URL"|"images number"
http://bpa.com.ua/blog|4
"==================images sources=================="
http://bpa.com.ua/wp-content/themes/bpa/img/logo.svg
http://bpa.com.ua/wp-content/themes/bpa/img/close.png
http://bpa.com.ua/wp-content/themes/bpa/img/logo.png

"target URL"|"images number"
http://bpa.com.uavirtuoz|0
"==================images sources=================="

"target URL"|"images number"
http://bpa.com.uazabota|0
"==================images sources=================="

"target URL"|"images number"
"http://bpa.com.uaol-b "|0
"==================images sources=================="

"target URL"|"images number"
http://bpa.com.uainter|0
"==================images sources=================="

"target URL"|"images number"
http://bpa.com.uamarvel|0
"==================images sources=================="

"target URL"|"images number"
http://bpa.com.uamailto:v.maksymuk@bpa.com.ua|25
"==================images sources=================="
https://www.facebook.com/tr?id=601170500008007&ev=PageView&noscript=1
https://bpa.com.ua/wp-content/themes/bpa/img/logo.svg
https://bpa.com.ua/wp-content/themes/bpa/img/close.png
https://bpa.com.ua/wp-content/themes/bpa/img/logo.svg
https://bpa.com.ua/wp-content/themes/bpa/img/cases-video-img.png
https://bpa.com.ua/wp-content/themes/bpa/img/cover-2.png
https://bpa.com.ua/wp-content/themes/bpa/img/cover-3.png
https://bpa.com.ua/wp-content/themes/bpa/img/cover-4.png
https://bpa.com.ua/wp-content/themes/bpa/img/cover-5.png
https://bpa.com.ua/wp-content/themes/bpa/img/about-img.png
https://bpa.com.ua/wp-content/themes/bpa/img/for-who-0.svg
https://bpa.com.ua/wp-content/themes/bpa/img/for-who-1.svg
https://bpa.com.ua/wp-content/themes/bpa/img/for-who-2.svg
https://bpa.com.ua/wp-content/themes/bpa/img/for-who-3.svg
https://bpa.com.ua/wp-content/themes/bpa/img/for-who-4.svg
https://bpa.com.ua/wp-content/themes/bpa/img/for-who-5.svg
https://bpa.com.ua/wp-content/themes/bpa/img/for-who-6.svg
https://bpa.com.ua/wp-content/themes/bpa/img/for-who-7.svg
"//cdn.mapkit.io/v1/icons/' + icon + '.svg"
"//cdn.mapkit.io/v1/icons/' + icon + '.svg"
"//cdn.mapkit.io/v1/icons/' + icon + '.svg"
"//cdn.mapkit.io/v1/icons/' + icon + '.svg"
//cdn.mapkit.io/v1/icons/keyboard_arrow_down.svg
"//cdn.mapkit.io/v1/icons/' + icon + '.svg"
https://bpa.com.ua/wp-content/themes/bpa/img/footer-logo.png
"target URL"|"images number"
http://bpa.com.uamailto:b.sereda@bpa.com.ua|25
"==================images sources=================="
https://www.facebook.com/tr?id=601170500008007&ev=PageView&noscript=1
https://bpa.com.ua/wp-content/themes/bpa/img/logo.svg
https://bpa.com.ua/wp-content/themes/bpa/img/close.png
https://bpa.com.ua/wp-content/themes/bpa/img/logo.svg
https://bpa.com.ua/wp-content/themes/bpa/img/cases-video-img.png
https://bpa.com.ua/wp-content/themes/bpa/img/cover-2.png
https://bpa.com.ua/wp-content/themes/bpa/img/cover-3.png
https://bpa.com.ua/wp-content/themes/bpa/img/cover-4.png
https://bpa.com.ua/wp-content/themes/bpa/img/cover-5.png
https://bpa.com.ua/wp-content/themes/bpa/img/about-img.png
https://bpa.com.ua/wp-content/themes/bpa/img/for-who-0.svg
https://bpa.com.ua/wp-content/themes/bpa/img/for-who-1.svg
https://bpa.com.ua/wp-content/themes/bpa/img/for-who-2.svg
https://bpa.com.ua/wp-content/themes/bpa/img/for-who-3.svg
https://bpa.com.ua/wp-content/themes/bpa/img/for-who-4.svg
https://bpa.com.ua/wp-content/themes/bpa/img/for-who-5.svg
https://bpa.com.ua/wp-content/themes/bpa/img/for-who-6.svg
https://bpa.com.ua/wp-content/themes/bpa/img/for-who-7.svg
"//cdn.mapkit.io/v1/icons/' + icon + '.svg"
"//cdn.mapkit.io/v1/icons/' + icon + '.svg"
"//cdn.mapkit.io/v1/icons/' + icon + '.svg"
"//cdn.mapkit.io/v1/icons/' + icon + '.svg"
//cdn.mapkit.io/v1/icons/keyboard_arrow_down.svg
"//cdn.mapkit.io/v1/icons/' + icon + '.svg"
https://bpa.com.ua/wp-content/themes/bpa/img/footer-logo.png
"target URL"|"images number"
http://bpa.com.uamailto:e.ganchev@bpa.com.ua|25
"==================images sources=================="
https://www.facebook.com/tr?id=601170500008007&ev=PageView&noscript=1
https://bpa.com.ua/wp-content/themes/bpa/img/logo.svg
https://bpa.com.ua/wp-content/themes/bpa/img/close.png
https://bpa.com.ua/wp-content/themes/bpa/img/logo.svg
https://bpa.com.ua/wp-content/themes/bpa/img/cases-video-img.png
https://bpa.com.ua/wp-content/themes/bpa/img/cover-2.png
https://bpa.com.ua/wp-content/themes/bpa/img/cover-3.png
https://bpa.com.ua/wp-content/themes/bpa/img/cover-4.png
https://bpa.com.ua/wp-content/themes/bpa/img/cover-5.png
https://bpa.com.ua/wp-content/themes/bpa/img/about-img.png
https://bpa.com.ua/wp-content/themes/bpa/img/for-who-0.svg
https://bpa.com.ua/wp-content/themes/bpa/img/for-who-1.svg
https://bpa.com.ua/wp-content/themes/bpa/img/for-who-2.svg
https://bpa.com.ua/wp-content/themes/bpa/img/for-who-3.svg
https://bpa.com.ua/wp-content/themes/bpa/img/for-who-4.svg
https://bpa.com.ua/wp-content/themes/bpa/img/for-who-5.svg
https://bpa.com.ua/wp-content/themes/bpa/img/for-who-6.svg
https://bpa.com.ua/wp-content/themes/bpa/img/for-who-7.svg
"//cdn.mapkit.io/v1/icons/' + icon + '.svg"
"//cdn.mapkit.io/v1/icons/' + icon + '.svg"
"//cdn.mapkit.io/v1/icons/' + icon + '.svg"
"//cdn.mapkit.io/v1/icons/' + icon + '.svg"
//cdn.mapkit.io/v1/icons/keyboard_arrow_down.svg
"//cdn.mapkit.io/v1/icons/' + icon + '.svg"
https://bpa.com.ua/wp-content/themes/bpa/img/footer-logo.png
"target URL"|"images number"
http://bpa.com.uamailto:a.volevach@bpa.com.ua|25
"==================images sources=================="
https://www.facebook.com/tr?id=601170500008007&ev=PageView&noscript=1
https://bpa.com.ua/wp-content/themes/bpa/img/logo.svg
https://bpa.com.ua/wp-content/themes/bpa/img/close.png
https://bpa.com.ua/wp-content/themes/bpa/img/logo.svg
https://bpa.com.ua/wp-content/themes/bpa/img/cases-video-img.png
https://bpa.com.ua/wp-content/themes/bpa/img/cover-2.png
https://bpa.com.ua/wp-content/themes/bpa/img/cover-3.png
https://bpa.com.ua/wp-content/themes/bpa/img/cover-4.png
https://bpa.com.ua/wp-content/themes/bpa/img/cover-5.png
https://bpa.com.ua/wp-content/themes/bpa/img/about-img.png
https://bpa.com.ua/wp-content/themes/bpa/img/for-who-0.svg
https://bpa.com.ua/wp-content/themes/bpa/img/for-who-1.svg
https://bpa.com.ua/wp-content/themes/bpa/img/for-who-2.svg
https://bpa.com.ua/wp-content/themes/bpa/img/for-who-3.svg
https://bpa.com.ua/wp-content/themes/bpa/img/for-who-4.svg
https://bpa.com.ua/wp-content/themes/bpa/img/for-who-5.svg
https://bpa.com.ua/wp-content/themes/bpa/img/for-who-6.svg
https://bpa.com.ua/wp-content/themes/bpa/img/for-who-7.svg
"//cdn.mapkit.io/v1/icons/' + icon + '.svg"
"//cdn.mapkit.io/v1/icons/' + icon + '.svg"
"//cdn.mapkit.io/v1/icons/' + icon + '.svg"
"//cdn.mapkit.io/v1/icons/' + icon + '.svg"
//cdn.mapkit.io/v1/icons/keyboard_arrow_down.svg
"//cdn.mapkit.io/v1/icons/' + icon + '.svg"
https://bpa.com.ua/wp-content/themes/bpa/img/footer-logo.png
"target URL"|"images number"
http://bpa.com.uamailto:p.maksymuk@bpa.com.ua|25
"==================images sources=================="
https://www.facebook.com/tr?id=601170500008007&ev=PageView&noscript=1
https://bpa.com.ua/wp-content/themes/bpa/img/logo.svg
https://bpa.com.ua/wp-content/themes/bpa/img/close.png
https://bpa.com.ua/wp-content/themes/bpa/img/logo.svg
https://bpa.com.ua/wp-content/themes/bpa/img/cases-video-img.png
https://bpa.com.ua/wp-content/themes/bpa/img/cover-2.png
https://bpa.com.ua/wp-content/themes/bpa/img/cover-3.png
https://bpa.com.ua/wp-content/themes/bpa/img/cover-4.png
https://bpa.com.ua/wp-content/themes/bpa/img/cover-5.png
https://bpa.com.ua/wp-content/themes/bpa/img/about-img.png
https://bpa.com.ua/wp-content/themes/bpa/img/for-who-0.svg
https://bpa.com.ua/wp-content/themes/bpa/img/for-who-1.svg
https://bpa.com.ua/wp-content/themes/bpa/img/for-who-2.svg
https://bpa.com.ua/wp-content/themes/bpa/img/for-who-3.svg
https://bpa.com.ua/wp-content/themes/bpa/img/for-who-4.svg
https://bpa.com.ua/wp-content/themes/bpa/img/for-who-5.svg
https://bpa.com.ua/wp-content/themes/bpa/img/for-who-6.svg
https://bpa.com.ua/wp-content/themes/bpa/img/for-who-7.svg
"//cdn.mapkit.io/v1/icons/' + icon + '.svg"
"//cdn.mapkit.io/v1/icons/' + icon + '.svg"
"//cdn.mapkit.io/v1/icons/' + icon + '.svg"
"//cdn.mapkit.io/v1/icons/' + icon + '.svg"
//cdn.mapkit.io/v1/icons/keyboard_arrow_down.svg
"//cdn.mapkit.io/v1/icons/' + icon + '.svg"
https://bpa.com.ua/wp-content/themes/bpa/img/footer-logo.png
"target URL"|"images number"
http://bpa.com.uamailto:v.moldovan@bpa.com.ua|25
"==================images sources=================="
https://www.facebook.com/tr?id=601170500008007&ev=PageView&noscript=1
https://bpa.com.ua/wp-content/themes/bpa/img/logo.svg
https://bpa.com.ua/wp-content/themes/bpa/img/close.png
https://bpa.com.ua/wp-content/themes/bpa/img/logo.svg
https://bpa.com.ua/wp-content/themes/bpa/img/cases-video-img.png
https://bpa.com.ua/wp-content/themes/bpa/img/cover-2.png
https://bpa.com.ua/wp-content/themes/bpa/img/cover-3.png
https://bpa.com.ua/wp-content/themes/bpa/img/cover-4.png
https://bpa.com.ua/wp-content/themes/bpa/img/cover-5.png
https://bpa.com.ua/wp-content/themes/bpa/img/about-img.png
https://bpa.com.ua/wp-content/themes/bpa/img/for-who-0.svg
https://bpa.com.ua/wp-content/themes/bpa/img/for-who-1.svg
https://bpa.com.ua/wp-content/themes/bpa/img/for-who-2.svg
https://bpa.com.ua/wp-content/themes/bpa/img/for-who-3.svg
https://bpa.com.ua/wp-content/themes/bpa/img/for-who-4.svg
https://bpa.com.ua/wp-content/themes/bpa/img/for-who-5.svg
https://bpa.com.ua/wp-content/themes/bpa/img/for-who-6.svg
https://bpa.com.ua/wp-content/themes/bpa/img/for-who-7.svg
"//cdn.mapkit.io/v1/icons/' + icon + '.svg"
"//cdn.mapkit.io/v1/icons/' + icon + '.svg"
"//cdn.mapkit.io/v1/icons/' + icon + '.svg"
"//cdn.mapkit.io/v1/icons/' + icon + '.svg"
//cdn.mapkit.io/v1/icons/keyboard_arrow_down.svg
"//cdn.mapkit.io/v1/icons/' + icon + '.svg"
https://bpa.com.ua/wp-content/themes/bpa/img/footer-logo.png
"target URL"|"images number"
http://bpa.com.uamailto:i.hapchuk@bpa.com.ua|25
"==================images sources=================="
https://www.facebook.com/tr?id=601170500008007&ev=PageView&noscript=1
https://bpa.com.ua/wp-content/themes/bpa/img/logo.svg
https://bpa.com.ua/wp-content/themes/bpa/img/close.png
https://bpa.com.ua/wp-content/themes/bpa/img/logo.svg
https://bpa.com.ua/wp-content/themes/bpa/img/cases-video-img.png
https://bpa.com.ua/wp-content/themes/bpa/img/cover-2.png
https://bpa.com.ua/wp-content/themes/bpa/img/cover-3.png
https://bpa.com.ua/wp-content/themes/bpa/img/cover-4.png
https://bpa.com.ua/wp-content/themes/bpa/img/cover-5.png
https://bpa.com.ua/wp-content/themes/bpa/img/about-img.png
https://bpa.com.ua/wp-content/themes/bpa/img/for-who-0.svg
https://bpa.com.ua/wp-content/themes/bpa/img/for-who-1.svg
https://bpa.com.ua/wp-content/themes/bpa/img/for-who-2.svg
https://bpa.com.ua/wp-content/themes/bpa/img/for-who-3.svg
https://bpa.com.ua/wp-content/themes/bpa/img/for-who-4.svg
https://bpa.com.ua/wp-content/themes/bpa/img/for-who-5.svg
https://bpa.com.ua/wp-content/themes/bpa/img/for-who-6.svg
https://bpa.com.ua/wp-content/themes/bpa/img/for-who-7.svg
"//cdn.mapkit.io/v1/icons/' + icon + '.svg"
"//cdn.mapkit.io/v1/icons/' + icon + '.svg"
"//cdn.mapkit.io/v1/icons/' + icon + '.svg"
"//cdn.mapkit.io/v1/icons/' + icon + '.svg"
//cdn.mapkit.io/v1/icons/keyboard_arrow_down.svg
"//cdn.mapkit.io/v1/icons/' + icon + '.svg"
https://bpa.com.ua/wp-content/themes/bpa/img/footer-logo.png
"target URL"|"images number"
http://bpa.com.uamailto:s.yakovets@bpa.com.ua|25
"==================images sources=================="
https://www.facebook.com/tr?id=601170500008007&ev=PageView&noscript=1
https://bpa.com.ua/wp-content/themes/bpa/img/logo.svg
https://bpa.com.ua/wp-content/themes/bpa/img/close.png
https://bpa.com.ua/wp-content/themes/bpa/img/logo.svg
https://bpa.com.ua/wp-content/themes/bpa/img/cases-video-img.png
https://bpa.com.ua/wp-content/themes/bpa/img/cover-2.png
https://bpa.com.ua/wp-content/themes/bpa/img/cover-3.png
https://bpa.com.ua/wp-content/themes/bpa/img/cover-4.png
https://bpa.com.ua/wp-content/themes/bpa/img/cover-5.png
https://bpa.com.ua/wp-content/themes/bpa/img/about-img.png
https://bpa.com.ua/wp-content/themes/bpa/img/for-who-0.svg
https://bpa.com.ua/wp-content/themes/bpa/img/for-who-1.svg
https://bpa.com.ua/wp-content/themes/bpa/img/for-who-2.svg
https://bpa.com.ua/wp-content/themes/bpa/img/for-who-3.svg
https://bpa.com.ua/wp-content/themes/bpa/img/for-who-4.svg
https://bpa.com.ua/wp-content/themes/bpa/img/for-who-5.svg
https://bpa.com.ua/wp-content/themes/bpa/img/for-who-6.svg
https://bpa.com.ua/wp-content/themes/bpa/img/for-who-7.svg
"//cdn.mapkit.io/v1/icons/' + icon + '.svg"
"//cdn.mapkit.io/v1/icons/' + icon + '.svg"
"//cdn.mapkit.io/v1/icons/' + icon + '.svg"
"//cdn.mapkit.io/v1/icons/' + icon + '.svg"
//cdn.mapkit.io/v1/icons/keyboard_arrow_down.svg
"//cdn.mapkit.io/v1/icons/' + icon + '.svg"
https://bpa.com.ua/wp-content/themes/bpa/img/footer-logo.png
"target URL"|"images number"
http://bpa.com.uamailto:hi@bpa.com.ua|25
"==================images sources=================="
https://www.facebook.com/tr?id=601170500008007&ev=PageView&noscript=1
https://bpa.com.ua/wp-content/themes/bpa/img/logo.svg
https://bpa.com.ua/wp-content/themes/bpa/img/close.png
https://bpa.com.ua/wp-content/themes/bpa/img/logo.svg
https://bpa.com.ua/wp-content/themes/bpa/img/cases-video-img.png
https://bpa.com.ua/wp-content/themes/bpa/img/cover-2.png
https://bpa.com.ua/wp-content/themes/bpa/img/cover-3.png
https://bpa.com.ua/wp-content/themes/bpa/img/cover-4.png
https://bpa.com.ua/wp-content/themes/bpa/img/cover-5.png
https://bpa.com.ua/wp-content/themes/bpa/img/about-img.png
https://bpa.com.ua/wp-content/themes/bpa/img/for-who-0.svg
https://bpa.com.ua/wp-content/themes/bpa/img/for-who-1.svg
https://bpa.com.ua/wp-content/themes/bpa/img/for-who-2.svg
https://bpa.com.ua/wp-content/themes/bpa/img/for-who-3.svg
https://bpa.com.ua/wp-content/themes/bpa/img/for-who-4.svg
https://bpa.com.ua/wp-content/themes/bpa/img/for-who-5.svg
https://bpa.com.ua/wp-content/themes/bpa/img/for-who-6.svg
https://bpa.com.ua/wp-content/themes/bpa/img/for-who-7.svg
"//cdn.mapkit.io/v1/icons/' + icon + '.svg"
"//cdn.mapkit.io/v1/icons/' + icon + '.svg"
"//cdn.mapkit.io/v1/icons/' + icon + '.svg"
"//cdn.mapkit.io/v1/icons/' + icon + '.svg"
//cdn.mapkit.io/v1/icons/keyboard_arrow_down.svg
"//cdn.mapkit.io/v1/icons/' + icon + '.svg"
https://bpa.com.ua/wp-content/themes/bpa/img/footer-logo.png
"target URL"|"images number"
http://bpa.com.ua|25
"==================images sources=================="
https://www.facebook.com/tr?id=601170500008007&ev=PageView&noscript=1
https://bpa.com.ua/wp-content/themes/bpa/img/logo.svg
https://bpa.com.ua/wp-content/themes/bpa/img/close.png
https://bpa.com.ua/wp-content/themes/bpa/img/logo.svg
https://bpa.com.ua/wp-content/themes/bpa/img/cases-video-img.png
https://bpa.com.ua/wp-content/themes/bpa/img/cover-2.png
https://bpa.com.ua/wp-content/themes/bpa/img/cover-3.png
https://bpa.com.ua/wp-content/themes/bpa/img/cover-4.png
https://bpa.com.ua/wp-content/themes/bpa/img/cover-5.png
https://bpa.com.ua/wp-content/themes/bpa/img/about-img.png
https://bpa.com.ua/wp-content/themes/bpa/img/for-who-0.svg
https://bpa.com.ua/wp-content/themes/bpa/img/for-who-1.svg
https://bpa.com.ua/wp-content/themes/bpa/img/for-who-2.svg
https://bpa.com.ua/wp-content/themes/bpa/img/for-who-3.svg
https://bpa.com.ua/wp-content/themes/bpa/img/for-who-4.svg
https://bpa.com.ua/wp-content/themes/bpa/img/for-who-5.svg
https://bpa.com.ua/wp-content/themes/bpa/img/for-who-6.svg
https://bpa.com.ua/wp-content/themes/bpa/img/for-who-7.svg
"//cdn.mapkit.io/v1/icons/' + icon + '.svg"
"//cdn.mapkit.io/v1/icons/' + icon + '.svg"
"//cdn.mapkit.io/v1/icons/' + icon + '.svg"
"//cdn.mapkit.io/v1/icons/' + icon + '.svg"
//cdn.mapkit.io/v1/icons/keyboard_arrow_down.svg
"//cdn.mapkit.io/v1/icons/' + icon + '.svg"
https://bpa.com.ua/wp-content/themes/bpa/img/footer-logo.png
"target URL"|"images number"
http://bpa.com.ua/careersv|0
"==================images sources=================="

"target URL"|"images number"
http://bpa.com.ua/referral|5
"==================images sources=================="
https://www.facebook.com/tr?id=601170500008007&ev=PageView&noscript=1
http://bpa.com.ua/wp-content/themes/bpa/img/logo.svg
http://bpa.com.ua/wp-content/themes/bpa/img/close.png
http://bpa.com.ua/wp-content/themes/bpa/img/logo.png
http://bpa.com.ua/wp-content/themes/bpa/img/footer-logo.png
"target URL"|"images number"
http://bpa.com.ua/testimonials/virtuoz|6
"==================images sources=================="
https://www.facebook.com/tr?id=601170500008007&ev=PageView&noscript=1
http://bpa.com.ua/wp-content/themes/bpa/img/logo.svg
http://bpa.com.ua/wp-content/themes/bpa/img/close.png
http://bpa.com.ua/wp-content/themes/bpa/img/logo.svg
http://bpa.com.ua/wp-content/themes/bpa/image/virtuoz-content.jpg
http://bpa.com.ua/wp-content/themes/bpa/img/footer-logo.png
"target URL"|"images number"
http://bpa.com.ua/testimonials/zabota|5
"==================images sources=================="
http://bpa.com.ua/wp-content/themes/bpa/img/logo.svg
http://bpa.com.ua/wp-content/themes/bpa/img/close.png
http://bpa.com.ua/wp-content/themes/bpa/img/logo.png
http://bpa.com.ua/wp-content/themes/bpa/image/zabota-content.jpg
http://bpa.com.ua/wp-content/themes/bpa/img/footer-logo.png
"target URL"|"images number"
http://bpa.com.ua/ru/pea-accounting/|30
"==================images sources=================="
https://www.facebook.com/tr?id=601170500008007&ev=PageView&noscript=1
http://bpa.com.ua/wp-content/themes/bpa/img/logo.svg
http://bpa.com.ua/wp-content/themes/bpa/img/close.png
http://bpa.com.ua/wp-content/themes/bpa/img/logo.svg
http://bpa.com.ua/wp-content/themes/bpa/img/pea-accounting-title-bg.png
http://bpa.com.ua/wp-content/themes/bpa/img/pea-accounting-title-bg-sm.png
http://bpa.com.ua/wp-content/themes/bpa/img/accent-bg-0.png
http://bpa.com.ua/wp-content/themes/bpa/img/for-problems-bg.png
http://bpa.com.ua/wp-content/themes/bpa/img/you-get-3.svg
http://bpa.com.ua/wp-content/themes/bpa/img/you-get-1.svg
http://bpa.com.ua/wp-content/themes/bpa/img/you-get-2.svg
http://bpa.com.ua/wp-content/themes/bpa/img/you-get-0.svg
http://bpa.com.ua/wp-content/themes/bpa/img/you-get-4.svg
http://bpa.com.ua/wp-content/themes/bpa/img/accent-bg-1.png
http://bpa.com.ua/wp-content/themes/bpa/img/accent-bg-2.png
http://bpa.com.ua/wp-content/themes/bpa/img/process-bg.png
http://bpa.com.ua/wp-content/themes/bpa/img/accent-bg-3.png
http://bpa.com.ua/wp-content/themes/bpa/img/cases-video-img.png
http://bpa.com.ua/wp-content/themes/bpa/img/cover-2.png
http://bpa.com.ua/wp-content/themes/bpa/img/cover-3.png
http://bpa.com.ua/wp-content/themes/bpa/img/cover-4.png
http://bpa.com.ua/wp-content/themes/bpa/img/cover-5.png
http://bpa.com.ua/wp-content/themes/bpa/img/about-img.png
"//cdn.mapkit.io/v1/icons/' + icon + '.svg"
"//cdn.mapkit.io/v1/icons/' + icon + '.svg"
"//cdn.mapkit.io/v1/icons/' + icon + '.svg"
"//cdn.mapkit.io/v1/icons/' + icon + '.svg"
//cdn.mapkit.io/v1/icons/keyboard_arrow_down.svg
"//cdn.mapkit.io/v1/icons/' + icon + '.svg"
http://bpa.com.ua/wp-content/themes/bpa/img/footer-logo.png
"target URL"|"images number"
https://bpa.com.ua/testimonials/zabota|5
"==================images sources=================="
https://bpa.com.ua/wp-content/themes/bpa/img/logo.svg
https://bpa.com.ua/wp-content/themes/bpa/img/close.png
https://bpa.com.ua/wp-content/themes/bpa/img/logo.png
https://bpa.com.ua/wp-content/themes/bpa/image/zabota-content.jpg
https://bpa.com.ua/wp-content/themes/bpa/img/footer-logo.png
"target URL"|"images number"
https://bpa.com.ua/testimonials/ol-b|6
"==================images sources=================="
https://www.facebook.com/tr?id=601170500008007&ev=PageView&noscript=1
https://bpa.com.ua/wp-content/themes/bpa/img/logo.svg
https://bpa.com.ua/wp-content/themes/bpa/img/close.png
https://bpa.com.ua/wp-content/themes/bpa/img/logo.png
https://bpa.com.ua/wp-content/themes/bpa/image/olb-content.jpg
https://bpa.com.ua/wp-content/themes/bpa/img/footer-logo.png
"target URL"|"images number"
https://bpa.com.ua/testimonials/inter|5
"==================images sources=================="
https://bpa.com.ua/wp-content/themes/bpa/img/logo.svg
https://bpa.com.ua/wp-content/themes/bpa/img/close.png
https://bpa.com.ua/wp-content/themes/bpa/img/logo.png
https://bpa.com.ua/wp-content/themes/bpa/image/inter-content.jpg
https://bpa.com.ua/wp-content/themes/bpa/img/footer-logo.png
"target URL"|"images number"
https://bpa.com.ua/testimonials/marvel|5
"==================images sources=================="
https://bpa.com.ua/wp-content/themes/bpa/img/logo.svg
https://bpa.com.ua/wp-content/themes/bpa/img/close.png
https://bpa.com.ua/wp-content/themes/bpa/img/logo.png
https://bpa.com.ua/wp-content/themes/bpa/image/marvel-content.jpg
https://bpa.com.ua/wp-content/themes/bpa/img/footer-logo.png
"target URL"|"images number"
http://bpa.com.ua/lawyer|26
"==================images sources=================="
https://www.facebook.com/tr?id=601170500008007&ev=PageView&noscript=1
http://bpa.com.ua/wp-content/themes/bpa/img/logo.svg
http://bpa.com.ua/wp-content/themes/bpa/img/close.png
http://bpa.com.ua/wp-content/themes/bpa/img/logo.svg
http://bpa.com.ua/wp-content/themes/bpa/img/legal-services-title-bg.png
http://bpa.com.ua/wp-content/themes/bpa/img/legal-services-title-bg-sm.png
http://bpa.com.ua/wp-content/themes/bpa/img/for-problems-bg.png
http://bpa.com.ua/wp-content/themes/bpa/img/you-get-3.svg
http://bpa.com.ua/wp-content/themes/bpa/img/you-get-1.svg
http://bpa.com.ua/wp-content/themes/bpa/img/you-get-2.svg
http://bpa.com.ua/wp-content/themes/bpa/img/you-get-0.svg
http://bpa.com.ua/wp-content/themes/bpa/img/you-get-4.svg
http://bpa.com.ua/wp-content/themes/bpa/img/accent-bg-1.png
http://bpa.com.ua/wp-content/themes/bpa/img/accent-bg-3.png
http://bpa.com.ua/wp-content/themes/bpa/img/cases-img.png
http://bpa.com.ua/wp-content/themes/bpa/img/cases-img.png
http://bpa.com.ua/wp-content/themes/bpa/img/cases-img.png
http://bpa.com.ua/wp-content/themes/bpa/img/cases-img.png
http://bpa.com.ua/wp-content/themes/bpa/img/about-img.png
"//cdn.mapkit.io/v1/icons/' + icon + '.svg"
"//cdn.mapkit.io/v1/icons/' + icon + '.svg"
"//cdn.mapkit.io/v1/icons/' + icon + '.svg"
"//cdn.mapkit.io/v1/icons/' + icon + '.svg"
//cdn.mapkit.io/v1/icons/keyboard_arrow_down.svg
"//cdn.mapkit.io/v1/icons/' + icon + '.svg"
http://bpa.com.ua/wp-content/themes/bpa/img/footer-logo.png
"target URL"|"images number"
http://bpa.com.ua/documentation|4
"==================images sources=================="
http://bpa.com.ua/wp-content/themes/bpa/img/logo.svg
http://bpa.com.ua/wp-content/themes/bpa/img/close.png
http://bpa.com.ua/wp-content/themes/bpa/img/logo.png
http://bpa.com.ua/wp-content/themes/bpa/img/footer-logo.png
"target URL"|"images number"
http://bpa.com.ua/finance|4
"==================images sources=================="
http://bpa.com.ua/wp-content/themes/bpa/img/logo.svg
http://bpa.com.ua/wp-content/themes/bpa/img/close.png
http://bpa.com.ua/wp-content/themes/bpa/img/logo.png
http://bpa.com.ua/wp-content/themes/bpa/img/footer-logo.png
"target URL"|"images number"
https://bpa.com.ua/testimonials/virtuoz|6
"==================images sources=================="
https://www.facebook.com/tr?id=601170500008007&ev=PageView&noscript=1
https://bpa.com.ua/wp-content/themes/bpa/img/logo.svg
https://bpa.com.ua/wp-content/themes/bpa/img/close.png
https://bpa.com.ua/wp-content/themes/bpa/img/logo.svg
https://bpa.com.ua/wp-content/themes/bpa/image/virtuoz-content.jpg
https://bpa.com.ua/wp-content/themes/bpa/img/footer-logo.png
"target URL"|"images number"
https://bpa.com.ua/category/blog/hr/|4
"==================images sources=================="
https://bpa.com.ua/wp-content/themes/bpa/img/logo.svg
https://bpa.com.ua/wp-content/themes/bpa/img/close.png
https://bpa.com.ua/wp-content/themes/bpa/img/logo.png

"target URL"|"images number"
https://bpa.com.ua/category/blog/%d0%b1%d1%96%d0%b7%d0%bd%d0%b5%d1%81-%d1%96-%d0%bc%d0%b0%d1%80%d0%ba%d0%b5%d1%82%d0%b8%d0%bd%d0%b3/|4
"==================images sources=================="
https://bpa.com.ua/wp-content/themes/bpa/img/logo.svg
https://bpa.com.ua/wp-content/themes/bpa/img/close.png
https://bpa.com.ua/wp-content/themes/bpa/img/logo.png

"target URL"|"images number"
https://bpa.com.ua/category/blog/%d1%82%d0%b0%d0%b9%d0%bc-%d0%bc%d0%b5%d0%bd%d0%b5%d0%b4%d0%b6%d0%bc%d0%b5%d0%bd%d1%82/|4
"==================images sources=================="
https://bpa.com.ua/wp-content/themes/bpa/img/logo.svg
https://bpa.com.ua/wp-content/themes/bpa/img/close.png
https://bpa.com.ua/wp-content/themes/bpa/img/logo.png

"target URL"|"images number"
https://bpa.com.ua/1-2/|5
"==================images sources=================="
https://bpa.com.ua/wp-content/themes/bpa/img/logo.svg
https://bpa.com.ua/wp-content/themes/bpa/img/close.png
https://bpa.com.ua/wp-content/themes/bpa/img/logo.png
https://bpa.com.ua/wp-content/uploads/2016/08/Untitled-9-1024x392.png
https://bpa.com.ua/wp-content/themes/bpa/img/footer-logo.png
"target URL"|"images number"
https://bpa.com.ua/6-2/|4
"==================images sources=================="
https://bpa.com.ua/wp-content/themes/bpa/img/logo.svg
https://bpa.com.ua/wp-content/themes/bpa/img/close.png
https://bpa.com.ua/wp-content/themes/bpa/img/logo.png
https://bpa.com.ua/wp-content/themes/bpa/img/footer-logo.png
"target URL"|"images number"
https://bpa.com.ua/2-2/|4
"==================images sources=================="
https://bpa.com.ua/wp-content/themes/bpa/img/logo.svg
https://bpa.com.ua/wp-content/themes/bpa/img/close.png
https://bpa.com.ua/wp-content/themes/bpa/img/logo.png
https://bpa.com.ua/wp-content/themes/bpa/img/footer-logo.png
